PIPELINE_NAME,COLUMN_SEQUENCE,SOURCE_COLUMN,TARGET_COLUMN,TRANSFORM_EXPRESSION,ACTIVE_FLAG
LOAD_CUSTOMER,1,CUSTOMERID,CUSTOMERID,CUSTOMERID,TRUE
LOAD_CUSTOMER,2,PERSONID,PERSONID,PERSONID,TRUE
LOAD_CUSTOMER,3,STOREID,STOREID,STOREID,TRUE
LOAD_CUSTOMER,4,TERRITORYID,TERRITORYID,"COALESCE(TERRITORYID, -1)",TRUE
LOAD_CUSTOMER,5,ACCOUNTNUMBER,ACCOUNTNUMBER,"UPPER(NULLIF(TRIM(ACCOUNTNUMBER), ''))",TRUE
LOAD_CUSTOMER,6,ROWGUID,ROWGUID,"LOWER(NULLIF(TRIM(ROWGUID), ''))",TRUE
LOAD_CUSTOMER,7,MODIFIEDDATE,MODIFIEDDATE,CASE WHEN MODIFIEDDATE > CURRENT_TIMESTAMP() THEN NULL ELSE MODIFIEDDATE END,TRUE
LOAD_CUSTOMER,8,,CUSTOMER_TYPE,CASE WHEN PERSONID IS NOT NULL AND STOREID IS NULL THEN 'PERSON' WHEN PERSONID IS NULL AND STOREID IS NOT NULL THEN 'STORE' WHEN PERSONID IS NULL AND STOREID IS NULL THEN 'NOT_APPLICABLE' WHEN PERSONID IS NOT NULL AND STOREID IS NOT NULL THEN 'INVALID' END,TRUE
LOAD_PRODUCT,1,PRODUCTID,PRODUCTID,PRODUCTID,TRUE
LOAD_PRODUCT,2,NAME,NAME,"NULLIF(TRIM(NAME), '')",TRUE
LOAD_PRODUCT,3,PRODUCTNUMBER,PRODUCTNUMBER,"UPPER(NULLIF(TRIM(PRODUCTNUMBER), ''))",TRUE
LOAD_PRODUCT,4,MAKEFLAG,MAKEFLAG,MAKEFLAG,TRUE
LOAD_PRODUCT,5,FINISHEDGOODSFLAG,FINISHEDGOODSFLAG,FINISHEDGOODSFLAG,TRUE
LOAD_PRODUCT,6,COLOR,COLOR,"UPPER(NULLIF(TRIM(COLOR), ''))",TRUE
LOAD_PRODUCT,7,SAFETYSTOCKLEVEL,SAFETYSTOCKLEVEL,SAFETYSTOCKLEVEL,TRUE
LOAD_PRODUCT,8,REORDERPOINT,REORDERPOINT,REORDERPOINT,TRUE
LOAD_PRODUCT,9,STANDARDCOST,STANDARDCOST,"ROUND(STANDARDCOST, 2)",TRUE
LOAD_PRODUCT,10,LISTPRICE,LISTPRICE,"ROUND(LISTPRICE, 2)",TRUE
LOAD_PRODUCT,11,SIZE,SIZE,"UPPER(NULLIF(TRIM(SIZE), ''))",TRUE
LOAD_PRODUCT,12,SIZEUNITMEASURECODE,SIZEUNITMEASURECODE,"UPPER(NULLIF(TRIM(SIZEUNITMEASURECODE), ''))",TRUE
LOAD_PRODUCT,13,WEIGHTUNITMEASURECODE,WEIGHTUNITMEASURECODE,"UPPER(NULLIF(TRIM(WEIGHTUNITMEASURECODE), ''))",TRUE
LOAD_PRODUCT,14,WEIGHT,WEIGHT,"ROUND(WEIGHT, 2)",TRUE
LOAD_PRODUCT,15,DAYSTOMANUFACTURE,DAYSTOMANUFACTURE,DAYSTOMANUFACTURE,TRUE
LOAD_PRODUCT,16,PRODUCTLINE,PRODUCTLINE,"UPPER(NULLIF(TRIM(PRODUCTLINE), ''))",TRUE
LOAD_PRODUCT,17,CLASS,CLASS,"UPPER(NULLIF(TRIM(CLASS), ''))",TRUE
LOAD_PRODUCT,18,STYLE,STYLE,"UPPER(NULLIF(TRIM(STYLE), ''))",TRUE
LOAD_PRODUCT,19,PRODUCTSUBCATEGORYID,PRODUCTSUBCATEGORYID,PRODUCTSUBCATEGORYID,TRUE
LOAD_PRODUCT,20,PRODUCTMODELID,PRODUCTMODELID,PRODUCTMODELID,TRUE
LOAD_PRODUCT,21,SELLSTARTDATE,SELLSTARTDATE,CASE WHEN SELLSTARTDATE > CURRENT_TIMESTAMP() THEN NULL ELSE SELLSTARTDATE END,TRUE
LOAD_PRODUCT,22,SELLENDDATE,SELLENDDATE,CASE WHEN SELLENDDATE > CURRENT_TIMESTAMP() THEN NULL ELSE SELLENDDATE END,TRUE
LOAD_PRODUCT,23,DISCONTINUEDDATE,DISCONTINUEDDATE,CASE WHEN DISCONTINUEDDATE > CURRENT_TIMESTAMP() THEN NULL ELSE DISCONTINUEDDATE END,TRUE
LOAD_PRODUCT,24,ROWGUID,ROWGUID,"LOWER(NULLIF(TRIM(ROWGUID), ''))",TRUE
LOAD_PRODUCT,25,MODIFIEDDATE,MODIFIEDDATE,CASE WHEN MODIFIEDDATE > CURRENT_TIMESTAMP() THEN NULL ELSE MODIFIEDDATE END,TRUE
LOAD_SALES_DETAIL,1,SALESORDERID,SALESORDERID,SALESORDERID,TRUE
LOAD_SALES_DETAIL,2,SALESORDERDETAILID,SALESORDERDETAILID,SALESORDERDETAILID,TRUE
LOAD_SALES_DETAIL,3,CARRIERTRACKINGNUMBER,CARRIERTRACKINGNUMBER,"UPPER(NULLIF(TRIM(CARRIERTRACKINGNUMBER), ''))",TRUE
LOAD_SALES_DETAIL,4,ORDERQTY,ORDERQTY,ORDERQTY,TRUE
LOAD_SALES_DETAIL,5,PRODUCTID,PRODUCTID,PRODUCTID,TRUE
LOAD_SALES_DETAIL,6,SPECIALOFFERID,SPECIALOFFERID,SPECIALOFFERID,TRUE
LOAD_SALES_DETAIL,7,UNITPRICE,UNITPRICE,"ROUND(UNITPRICE, 5)",TRUE
LOAD_SALES_DETAIL,8,UNITPRICEDISCOUNT,UNITPRICEDISCOUNT,"ROUND(UNITPRICEDISCOUNT, 2)",TRUE
LOAD_SALES_DETAIL,9,LINETOTAL,LINETOTAL,"ROUND(LINETOTAL, 6)",TRUE
LOAD_SALES_DETAIL,10,ROWGUID,ROWGUID,"LOWER(NULLIF(TRIM(ROWGUID), '')",TRUE
LOAD_SALES_DETAIL,11,MODIFIEDDATE,MODIFIEDDATE,CASE WHEN MODIFIEDDATE > CURRENT_TIMESTAMP() THEN NULL ELSE MODIFIEDDATE END,TRUE
LOAD_SALES_HEADER,1,SALESORDERID,SALESORDERID,SALESORDERID,TRUE
LOAD_SALES_HEADER,2,REVISIONNUMBER,REVISIONNUMBER,REVISIONNUMBER,TRUE
LOAD_SALES_HEADER,3,ORDERDATE,ORDERDATE,CASE WHEN ORDERDATE > CURRENT_TIMESTAMP() THEN NULL ELSE ORDERDATE END,TRUE
LOAD_SALES_HEADER,4,DUEDATE,DUEDATE,CASE WHEN DUEDATE > CURRENT_TIMESTAMP() THEN NULL WHEN ORDERDATE > DUEDATE THEN NULL ELSE DUEDATE END,TRUE
LOAD_SALES_HEADER,5,SHIPDATE,SHIPDATE,CASE WHEN SHIPDATE > CURRENT_TIMESTAMP() THEN NULL WHEN ORDERDATE > SHIPDATE THEN NULL ELSE SHIPDATE END,TRUE
LOAD_SALES_HEADER,6,STATUS,STATUS,STATUS,TRUE
LOAD_SALES_HEADER,7,ONLINEORDERFLAG,ONLINEORDERFLAG,ONLINEORDERFLAG,TRUE
LOAD_SALES_HEADER,8,SALESORDERNUMBER,SALESORDERNUMBER,"UPPER(NULLIF(TRIM(SALESORDERNUMBER), ''))",TRUE
LOAD_SALES_HEADER,9,PURCHASEORDERNUMBER,PURCHASEORDERNUMBER,"UPPER(NULLIF(TRIM(PURCHASEORDERNUMBER), ''))",TRUE
LOAD_SALES_HEADER,10,ACCOUNTNUMBER,ACCOUNTNUMBER,"UPPER(NULLIF(TRIM(ACCOUNTNUMBER), ''))",TRUE
LOAD_SALES_HEADER,11,CUSTOMERID,CUSTOMERID,CUSTOMERID,TRUE
LOAD_SALES_HEADER,12,SALESPERSONID,SALESPERSONID,SALESPERSONID,TRUE
LOAD_SALES_HEADER,13,TERRITORYID,TERRITORYID,TERRITORYID,TRUE
LOAD_SALES_HEADER,14,BILLTOADDRESSID,BILLTOADDRESSID,BILLTOADDRESSID,TRUE
LOAD_SALES_HEADER,15,SHIPTOADDRESSID,SHIPTOADDRESSID,SHIPTOADDRESSID,TRUE
LOAD_SALES_HEADER,16,SHIPMETHODID,SHIPMETHODID,SHIPMETHODID,TRUE
LOAD_SALES_HEADER,17,CREDITCARDID,CREDITCARDID,CREDITCARDID,TRUE
LOAD_SALES_HEADER,18,CREDITCARDAPPROVALCODE,CREDITCARDAPPROVALCODE,"UPPER(NULLIF(TRIM(CREDITCARDAPPROVALCODE), ''))",TRUE
LOAD_SALES_HEADER,19,CURRENCYRATEID,CURRENCYRATEID,CURRENCYRATEID,TRUE
LOAD_SALES_HEADER,20,SUBTOTAL,SUBTOTAL,"ROUND(SUBTOTAL, 4)",TRUE
LOAD_SALES_HEADER,21,TAXAMT,TAXAMT,"ROUND(TAXAMT, 4)",TRUE
LOAD_SALES_HEADER,22,FREIGHT,FREIGHT,"ROUND(FREIGHT, 4)",TRUE
LOAD_SALES_HEADER,23,TOTALDUE,TOTALDUE,"ROUND(TOTALDUE, 6)",TRUE
LOAD_SALES_HEADER,24,ROWGUID,ROWGUID,"LOWER(NULLIF(TRIM(ROWGUID), ''))",TRUE
LOAD_SALES_HEADER,25,MODIFIEDDATE,MODIFIEDDATE,CASE WHEN MODIFIEDDATE > CURRENT_TIMESTAMP() THEN NULL ELSE MODIFIEDDATE END,TRUE
